{
    "model": {
        "xml": "combinedyolov8.xml",
        "bin": "combinedyolov8.bin"
    },
    "nn_config": {
        "output_format": "detection",
        "NN_family": "YOLO",
        "input_size": "640x640",
        "NN_specific_metadata": {
            "classes": 2,
            "coordinates": 4,
            "anchors": [],
            "anchor_masks": {},
            "iou_threshold": 0.5,
            "confidence_threshold": 0.5
        }
    },
    "mappings": {
        "labels": [
            "cone",
            "cube"
        ]
    },
    "version": 1
}